{
  "employee_name": {
    "precision": 0.9701492537313433,
    "recall": 0.8904109589041096,
    "f1-score": 0.9285714285714287,
    "support": 73,
    "confused_with": {}
  },
  "micro avg": {
    "precision": 0.9701492537313433,
    "recall": 0.8904109589041096,
    "f1-score": 0.9285714285714287,
    "support": 73
  },
  "macro avg": {
    "precision": 0.9701492537313433,
    "recall": 0.8904109589041096,
    "f1-score": 0.9285714285714287,
    "support": 73
  },
  "weighted avg": {
    "precision": 0.9701492537313432,
    "recall": 0.8904109589041096,
    "f1-score": 0.9285714285714286,
    "support": 73
  }
}