{
  "show_list_of_employee": {
    "precision": 0.8888888888888888,
    "recall": 0.8888888888888888,
    "f1-score": 0.8888888888888888,
    "support": 9,
    "confused_with": {
      "search_employee": 1
    }
  },
  "goodbye": {
    "precision": 0.8409090909090909,
    "recall": 0.8809523809523809,
    "f1-score": 0.8604651162790699,
    "support": 42,
    "confused_with": {
      "out_of_scope": 2,
      "greet": 1
    }
  },
  "deny": {
    "precision": 0.9130434782608695,
    "recall": 0.875,
    "f1-score": 0.8936170212765957,
    "support": 24,
    "confused_with": {
      "human_handoff": 1,
      "goodbye": 1
    }
  },
  "ask_saigontech_address": {
    "precision": 0.8,
    "recall": 0.8421052631578947,
    "f1-score": 0.8205128205128205,
    "support": 19,
    "confused_with": {
      "ask_saigontech_about": 3
    }
  },
  "out_of_scope": {
    "precision": 0.8108108108108109,
    "recall": 0.6976744186046512,
    "f1-score": 0.75,
    "support": 43,
    "confused_with": {
      "help": 4,
      "bot_challenge": 3
    }
  },
  "greet": {
    "precision": 0.8,
    "recall": 0.7407407407407407,
    "f1-score": 0.7692307692307692,
    "support": 27,
    "confused_with": {
      "goodbye": 3,
      "help": 2
    }
  },
  "search_employee": {
    "precision": 0.9344262295081968,
    "recall": 0.9661016949152542,
    "f1-score": 0.95,
    "support": 59,
    "confused_with": {
      "show_list_of_employee": 1,
      "nlu_fallback": 1
    }
  },
  "affirm": {
    "precision": 0.8333333333333334,
    "recall": 0.7407407407407407,
    "f1-score": 0.7843137254901961,
    "support": 27,
    "confused_with": {
      "thank": 2,
      "greet": 2
    }
  },
  "nlu_fallback": {
    "precision": 0.0,
    "recall": 0.0,
    "f1-score": 0.0,
    "support": 7,
    "confused_with": {
      "search_employee": 2,
      "goodbye": 2,
      "greet": 1
    }
  },
  "bot_challenge": {
    "precision": 0.8,
    "recall": 0.9473684210526315,
    "f1-score": 0.8674698795180723,
    "support": 38,
    "confused_with": {
      "out_of_scope": 1,
      "human_handoff": 1
    }
  },
  "human_handoff": {
    "precision": 0.974025974025974,
    "recall": 0.9493670886075949,
    "f1-score": 0.9615384615384615,
    "support": 79,
    "confused_with": {
      "out_of_scope": 2,
      "bot_challenge": 2
    }
  },
  "help": {
    "precision": 0.8048780487804879,
    "recall": 0.9428571428571428,
    "f1-score": 0.868421052631579,
    "support": 35,
    "confused_with": {
      "out_of_scope": 1,
      "bot_challenge": 1
    }
  },
  "thank": {
    "precision": 0.8823529411764706,
    "recall": 0.8571428571428571,
    "f1-score": 0.8695652173913043,
    "support": 35,
    "confused_with": {
      "search_employee": 1,
      "help": 1
    }
  },
  "ask_weather": {
    "precision": 0.9166666666666666,
    "recall": 1.0,
    "f1-score": 0.9565217391304348,
    "support": 22,
    "confused_with": {}
  },
  "ask_saigontech_about": {
    "precision": 0.8636363636363636,
    "recall": 0.8636363636363636,
    "f1-score": 0.8636363636363636,
    "support": 22,
    "confused_with": {
      "ask_saigontech_address": 3
    }
  },
  "accuracy": 0.8688524590163934,
  "macro avg": {
    "precision": 0.8041981217331435,
    "recall": 0.8128384000864762,
    "f1-score": 0.806945403701637,
    "support": 488
  },
  "weighted avg": {
    "precision": 0.8608504937817691,
    "recall": 0.8688524590163934,
    "f1-score": 0.8631561064271814,
    "support": 488
  }
}