{
  "employee_name": {
    "precision": 0.5217391304347826,
    "recall": 0.1643835616438356,
    "f1-score": 0.25,
    "support": 73,
    "confused_with": {}
  },
  "micro avg": {
    "precision": 0.5217391304347826,
    "recall": 0.1643835616438356,
    "f1-score": 0.25,
    "support": 73
  },
  "macro avg": {
    "precision": 0.5217391304347826,
    "recall": 0.1643835616438356,
    "f1-score": 0.25,
    "support": 73
  },
  "weighted avg": {
    "precision": 0.5217391304347826,
    "recall": 0.1643835616438356,
    "f1-score": 0.25,
    "support": 73
  }
}